{"cameraMode":{"drawMode":0,"name":"Shaded","section":"Shading Mode"},"sceneLighting":false,"audioPlay":false,"sceneViewState":{"m_AlwaysRefresh":false,"showFog":true,"showSkybox":true,"showFlares":true,"showImageEffects":true,"showParticleSystems":true,"showVisualEffectGraphs":true,"m_FxEnabled":true},"in2DMode":false,"pivot":{"x":378.32391357421877,"y":271.2461853027344,"z":78.53839111328125},"rotation":{"x":-0.21594686806201936,"y":0.03572423383593559,"z":-0.007906541228294373,"w":-0.9757196307182312},"size":326.1065368652344,"orthographic":false}